label,auc,mean,std,rms,max,min,mean_deriv,std_deriv
clench,82.31416118144989,35.62762237762238,37.63998774659332,51.82756172005542,222,20,-0.3520140105078809,9.252466437290316
clench,94.4368108510971,45.49300699300699,41.06580451845797,61.286327888151256,253,25,0.0,4.050037296319156
clench,100.86703431606293,51.70494699646643,44.81938086723509,68.42644551070647,302,24,0.01415929203539823,4.9047361481114
clench,157.62802684307098,65.13309352517986,56.397805825589465,86.15702161809402,254,27,-0.009009009009009009,6.513596998954088
clench,166.740678191185,68.86428571428571,68.08885588639573,96.84204739087842,300,27,-0.016100178890876567,7.348086421507489
clench,177.4055768251419,50.41297297297297,51.02637626703679,71.72976313162424,436,24,0.009194159004867496,5.751988096553851
clench,173.90739929676056,54.63148936170213,48.776899266324016,73.23786952058951,320,28,-0.002555366269165247,4.556384622654027
clench,179.85177755355835,62.04059405940594,53.966980513881886,82.22816000026818,401,29,0.0009910802775024777,6.567406003468204
clench,167.94201576709747,55.088682432432435,43.21938543429406,70.01912745428537,271,24,0.00253592561284869,4.698068198183022
clench,165.8126550912857,57.57085427135679,44.741712741794046,72.91244146648098,282,30,-0.012072434607645875,5.220091113976268
clench,166.30490100383759,60.03963414634146,52.54846247807104,79.78783476969264,367,31,-0.001017293997965412,5.397618157376859
clench,185.7259383201599,61.58596837944664,49.436423826386175,78.97335944466516,305,31,0.002967359050445104,5.663057362618488
clench,191.9974172115326,67.21937639198218,64.77144830420292,93.34765705657,408,31,0.011148272017837236,6.278725605208995
clench,168.32800614833832,60.651591289782246,39.17474768172424,72.2030219721415,274,33,0.002514668901927913,4.693541464640123
clench,162.86091446876526,62.61226611226611,37.38639583893096,72.92488232104637,240,32,-0.012486992715920915,5.011313958652215
clench,136.5519998073578,54.04978354978355,53.33090879861774,75.93131722197985,318,21,-0.02275189599133261,5.332348002737761
clench,121.01017999649048,36.45809523809524,44.35807390071627,57.418040967725716,228,21,0.0009532888465204957,4.422298019990099
clench,119.46016490459442,35.53923357664234,48.757484106000604,60.33514216078424,325,21,0.0009132420091324201,4.522798572625815
clench,117.26101219654083,37.30695187165775,51.018638775192926,63.203719514185295,318,21,0.0010706638115631692,4.500892004066053
clench,104.82560431957245,34.625786163522015,42.85291755086159,55.09371661145119,268,21,0.05141657922350472,4.32354647619443
clench,94.02724730968475,31.86327782646801,29.10295832851798,43.15380235064046,203,21,-0.04035087719298246,2.6767589494342636
clench,89.44016873836517,31.706971677559913,32.66520230446752,45.52304355547174,202,21,0.0010905125408942203,2.8270771519355704
clench,95.32062530517578,32.510160427807484,34.5119006596281,47.41288662570354,240,20,-0.0010706638115631692,3.744374642860768
clench,96.97352361679077,32.61058201058201,37.28532477499167,49.534286132390186,233,20,0.0,4.048697216703464
clench,93.54320096969604,31.57861635220126,35.819846866396006,47.752177335191455,268,20,-0.001049317943336831,3.716190569815801
clench,82.43730092048645,29.70509125840538,26.94742565246681,40.106809845279614,206,20,0.0009615384615384616,3.0033633451742223
clench,101.95203530788422,33.99130434782609,49.20001248712707,59.800083611981684,397,20,0.0,5.307723241327569
clench,93.02155840396881,32.0377358490566,42.604402248934875,53.30620610513352,309,20,0.0011111111111111111,4.444347082266901
clench,89.1470274925232,32.94038929440389,46.87188210653107,57.28911396657681,369,20,0.001218026796589525,5.44522036521843
clench,95.7904806137085,34.57799274486094,45.24432823644371,56.944594298587404,290,20,0.0012106537530266344,4.649845579115522
clench,77.31404507160187,29.6558516801854,31.529617629935448,43.28494341878122,219,21,-0.001160092807424594,3.031734481680369
clench,93.50952100753784,32.78760045924225,36.032701471003556,48.71737184181187,219,20,0.0,3.541867810380124
clench,104.72152435779572,35.577283372365336,43.177082123772315,55.94643431784158,253,20,0.0011723329425556857,4.708501555941768
clench,116.8597241640091,38.625149700598804,47.634859572948,61.32684596429319,247,20,0.001199040767386091,3.9309079016946953
clench,105.8078863620758,35.68930957683742,44.67103610849666,57.177165766396215,275,21,-0.0011148272017837235,4.151667390812812
clench,95.88211190700531,34.10495283018868,34.81104078270476,48.73352406633988,195,21,0.0011806375442739079,3.2318878322562887
clench,106.95643031597137,37.866515837104075,43.93148523152773,57.99869322915468,310,21,0.0,4.220427055406991
clench,91.2362310886383,33.3448275862069,33.92301208778791,47.56730259182319,208,21,0.0,3.297661060434377
clench,97.07404124736786,34.730679156908664,34.88186916571773,49.223621069506656,199,21,0.0,3.0223861911400243
clench,100.96399247646332,34.31969860064586,40.81233864268313,53.32437245316835,270,21,0.0010775862068965517,4.0464702213906225
clench,102.18726217746735,35.53438556933484,40.33323287877338,53.753718310862155,242,21,0.0,3.513598221267852
clench,125.88945126533508,39.767391304347825,47.21438411234177,61.730409671902144,236,21,0.002176278563656148,4.229282300639376
clench,113.67941355705261,36.21272365805169,43.81456584352784,56.84256798202605,252,21,-0.0009950248756218905,3.437139705945076
clench,97.44042432308197,34.43559718969555,34.961068308089445,49.072259485924064,197,21,0.0,3.535782586558997
clench,113.54973077774048,38.74730538922156,45.529981981175204,59.785725170242245,254,21,0.001199040767386091,4.389736066663132
clench,104.94963681697845,36.48105625717566,34.83372736178717,50.44061882604669,179,21,0.006896551724137931,2.7630481711680317
clench,74.94542753696442,32.87323943661972,19.27044703536143,38.1051177665153,136,21,-0.0030211480362537764,2.371998222072371
clench,87.31994438171387,33.33441558441559,28.12775557610965,43.6159821178418,209,21,-0.0021668472372697724,3.3327547529060566
clench,74.84912776947021,29.301734104046243,21.395700702561175,36.281780965903586,155,20,0.0,2.3702437755546484
clench,90.65045404434204,33.26590909090909,30.44443107145316,45.09416914534617,181,21,-0.0011376564277588168,3.17179672999533
clench,70.31783103942871,28.49158249158249,21.21020567482663,35.519615674203145,157,21,0.0022471910112359553,2.3043670084609182
clench,75.80770230293274,30.158675799086758,25.985923131307416,39.80972151297519,188,21,0.001142857142857143,2.4281677647719384
clench,70.27536308765411,28.4340206185567,22.55815570895071,36.29550822795809,195,21,-0.0020639834881320948,2.6961723952991954
clench,74.61548507213593,30.047018348623855,27.965884201704576,41.0477038435244,242,21,0.001148105625717566,2.988112469948041
clench,82.52788805961609,31.16590909090909,37.32878759435488,48.628718600506765,314,21,0.0,3.676014560487924
clench,94.42078733444214,33.64026402640264,41.338860568593425,53.2969863770522,316,21,-0.0022026431718061676,4.161655729186997
clench,83.04639506340027,32.1063829787234,35.194403212560175,47.63891104406907,275,20,0.0011210762331838565,3.9002412939791085
clench,76.95965421199799,29.22774327122153,24.87105247099197,38.377470314538336,185,20,0.0,2.5728756517117155
clench,90.49871110916138,35.96631578947368,31.806767272411225,48.01298070094663,234,20,-0.001053740779768177,3.7787881915064965
clench,107.76040780544281,35.27982646420824,49.22818405099907,60.56467832246521,382,20,0.0010857763300760044,6.428678190170411
clench,97.08487224578857,35.51598173515982,36.300980153561355,50.785294315593575,287,21,0.0034285714285714284,3.910862486428678
clench,71.84534454345703,31.237485448195578,18.229986968621176,36.16784375660689,149,21,0.0034965034965034965,2.3372401967207526
clench,80.15750074386597,33.09756097560975,21.565900000501898,39.503627496292715,149,21,-0.006659267480577136,2.441311133238277
clench,97.3824588060379,34.789846517119244,31.2629966868477,46.772944984537425,189,20,0.008274231678486997,3.217296282109772
clench,96.35063564777374,36.457817772778405,31.37348346540745,48.09852327782332,200,22,0.0,3.2096420052401173
clench,107.77617180347443,38.42219804134929,37.87894047936013,53.95441996878081,257,22,-0.0032679738562091504,4.652990019087995
clench,83.14773321151733,33.98669623059867,23.709060650610592,41.43929388400967,209,23,0.0011098779134295228,3.0889511472220836
clench,105.38834130764008,38.2467248908297,36.04228230464614,52.55338313184623,276,22,0.001092896174863388,4.285571026614445
clench,79.20467960834503,32.20829220138204,20.8351554401855,38.35984604695772,200,23,-0.001976284584980237,2.848617313755587
clench,109.20988929271698,39.713641488162345,37.00716382913489,54.28354718445286,247,23,0.0056433408577878106,3.97324173292786
clench,94.94419693946838,36.508620689655174,28.114527380371182,46.07934498756204,162,23,-0.006472491909385114,3.313527106041048
clench,130.386834025383,38.52963525835866,42.311605005057956,57.225909440097155,265,23,0.0038022813688212928,3.8723923877899833
clench,59.07246434688568,28.11700515307669,17.416138091532055,33.073975340159144,243,21,-0.0009096422073984233,1.8654723380388913
clench,64.65332424640656,33.33571923343339,38.03216524495701,50.57386449570585,439,20,0.0,3.940375475948322
clench,105.16247129440308,37.224330357142854,39.531236372078595,54.298889672283885,239,21,-0.0033519553072625698,3.9447284594942933
clench,98.7386634349823,36.01516793066089,38.42243650423489,52.662851688791655,259,20,-0.0032537960954446853,4.675012062648921
clench,106.68768334388733,35.87750556792873,42.08897307320378,55.305307703091486,292,20,0.002229654403567447,4.1094278776079145
clench,89.66965675354004,32.33476394849785,35.66299631956552,48.13923832067164,229,20,-0.00322234156820623,3.4356115584935147
clench,77.80080151557922,29.6248574686431,29.18660870725326,41.58714113602582,236,20,0.0,3.0007609385030425
clench,77.51374292373657,30.351522842639593,30.706479007058096,43.17525670888562,213,20,0.0,3.144952188726783
clench,86.43930959701538,30.95987328405491,32.35648966803392,44.782319919833576,220,20,0.0,3.1592677182942626
clench,92.92903709411621,32.55195530726257,39.02878659819712,50.822002889040405,249,20,0.0011185682326621924,3.9401278215209823
clench,114.95508861541748,40.47396963123644,53.096767095549964,66.76382923192264,352,20,0.004343105320304018,6.3171674327224885
clench,81.99852848052979,31.98701298701299,26.550943595957616,41.57068204476636,174,20,-0.002364066193853428,2.5292602736291117
clench,101.98925495147705,37.35085574572127,36.8107946390347,52.441596341977096,199,21,0.0,3.373886325163982
clench,98.80830514431,36.51449275362319,38.891072117430554,53.34626201991649,244,21,0.0036275695284159614,3.723351768031368
clench,120.755455493927,43.96024096385542,51.598889592420996,67.78604718355456,321,21,-0.0048250904704463205,4.5755922315880095
clench,76.54152774810791,32.390465380249715,21.318504586588453,38.776550715059074,180,21,0.0022727272727272726,2.3606613707683737
clench,75.90203976631165,31.920814479638008,17.64315901334302,36.47217373578897,128,21,0.0022650056625141564,2.345568933968097
clench,86.22087144851685,32.57744107744108,21.861668624971813,39.23292268264273,161,22,-0.002527379949452401,2.7133469009887836
clench,108.89903020858765,36.03082502266546,35.518245179923134,50.594131008201614,244,22,0.0009074410163339383,3.209983164601128
clench,56.744603633880615,33.3036187113857,50.76896386683839,60.717532158230064,524,20,-0.0011035091591260207,4.900488323116363
clench,109.05127501487732,35.94294605809129,42.93196226416703,55.991506098574646,282,20,-0.0010384215991692627,4.961429524843415
clench,122.23065495491028,41.090425531914896,41.09150807635485,58.11140255047179,231,21,0.004259850905218318,4.033932611187777
clench,127.15055668354034,40.61755485893417,47.85787502338338,62.77070944694117,299,21,-0.0010460251046025104,5.889409592594671
clench,101.58979642391205,28.711638679791545,26.386381136384415,38.99486254820557,207,20,0.0,2.7715237953731906
clench,117.88838124275208,41.190419161676644,33.522764154985346,53.10768632980907,190,20,0.014388489208633094,3.76112695146008
clench,108.55259966850281,39.9964200477327,40.79924933296963,57.133986057061485,267,20,-0.014336917562724014,4.707683030802485
clench,88.29161489009857,33.45202558635395,22.213980239296152,40.15593273604685,163,21,0.0192102454642476,2.6240115719148123
clench,91.23614645004272,39.33366935483871,29.003311745057605,48.87053956216131,181,20,-0.02119071644803229,3.3956336590499347
clench,83.30444610118866,31.04750593824228,27.508756968130623,41.481072007806944,156,20,0.0011890606420927466,2.631782062847347
clench,128.31058406829834,45.88445078459344,56.04506593674286,72.432259661408,282,20,0.01,5.974819782099829
clench,96.39376223087311,37.52988505747126,27.743171946299878,46.67093166060611,172,21,-0.006904487917146145,3.1060945646055513
clench,104.48180258274078,39.005917159763314,30.457283510408047,49.48846019333893,222,22,0.005924170616113744,3.7670576313671353
clench,82.98279023170471,39.571583514099785,21.965803028766256,45.259327486297565,124,20,-0.006514657980456026,2.486436804482303
clench,77.99216961860657,30.647429171038826,19.6788362517705,36.42144301119655,170,22,-0.0010504201680672268,2.5828699897618597
clench,104.49147021770477,33.61934420223484,27.703831671689784,43.5633170670194,291,21,0.0010993037742762918,3.1000181267622544
clench,149.8594708442688,43.633681852128454,55.66393896215955,70.72745077235422,361,20,-0.0018677624206200972,4.559447971569512
rest,42.983866930007935,21.59944681921046,3.0264494418441537,21.810444725404835,65,20,0.0,0.7322686008719326
rest,66.27761650085449,32.9912109375,3.6631773182416887,33.19395829345304,49,26,-0.006842619745845552,1.6728970842839808
rest,56.84172570705414,33.276978417266186,9.79863311967147,34.68963106746917,77,20,-0.019801980198019802,1.9474565924584892
rest,42.59399688243866,21.539383561643834,0.5153369991990475,21.545547485231285,23,21,-0.0017152658662092624,0.6613545597834569
rest,43.313275933265686,21.638485477178424,0.5620355978713135,21.645783371348244,24,21,0.0,0.6796012139979316
rest,43.28574013710022,21.66722268557131,0.5877693172163815,21.675193463413354,24,20,0.0,0.6738621151618611
rest,43.455078125,21.647316538882805,0.5237366016922009,21.653651270918285,24,21,0.0,0.6688560540599386
rest,43.105533957481384,21.392123287671232,0.49171869241608357,21.397773856815043,22,20,0.0017152658662092624,0.6991765368865348
rest,42.88469326496124,21.32831325301205,0.4743856376386743,21.333588257764028,22,20,0.0007535795026375283,0.6696112575123438
rest,42.77685046195984,21.333333333333332,0.47366546671567095,21.33859109888631,22,20,0.0,0.6718161194819026
rest,43.16146123409271,21.347826086956523,0.476280484787101,21.353138451738904,22,21,0.001088139281828074,0.6522739264662357
rest,43.260021328926086,21.330818965517242,0.47506643998385095,21.33610849855402,22,20,-0.0010787486515641855,0.6658562398102364
rest,43.2885776758194,21.39484126984127,0.5278486346993265,21.401351759710348,24,20,0.0,0.6411880730215622
rest,42.94843292236328,21.333059210526315,0.4765133611308489,21.33838045080174,23,20,0.0,0.6567158595348593
rest,42.9033237695694,21.280973451327434,0.4543700581438503,21.285823526136845,22,20,0.0,0.6314040674128691
rest,42.66689586639404,21.33448275862069,0.4718093288672694,21.339699122075025,22,21,0.0011507479861910242,0.6445298276992555
rest,42.69751584529877,21.30400890868597,0.464803006778081,21.30907875569662,22,20,0.0011148272017837235,0.6568385526524849
rest,42.514769554138184,21.263655462184875,0.4477094822017486,21.268368235362065,22,20,0.0,0.6304572473165856
rest,42.47975814342499,21.291571753986332,0.4544861562948492,21.29642189245443,22,21,0.0,0.6371258152413685
rest,43.25208008289337,21.406451612903226,0.4976949991458805,21.412236477485063,23,20,0.001076426264800861,0.6353413968936854
rest,49.95886850357056,24.66355140186916,3.7667232722851662,24.949528491789515,48,20,0.021052631578947368,0.982669149840693
rest,42.12688386440277,21.103016924208976,0.3469382857317813,21.1058686027739,22,20,0.0,0.4793220543762695
rest,42.42004978656769,21.171658986175114,0.4093138169672048,21.17561526916396,22,20,0.0,0.5369828995148688
rest,42.38200604915619,21.137737961926092,0.40718385352880787,21.141659462720185,22,20,0.0,0.568216468572454
rest,42.413740158081055,21.199288256227756,0.4336383263125356,21.20372289879028,22,20,0.0,0.5599457048670432
rest,42.15490984916687,21.104895104895103,0.4104682648588371,21.10888631797238,22,20,-0.0011668611435239206,0.5623326491766723
rest,42.178696632385254,21.059880239520957,0.3711222469542533,21.063149988193828,22,20,0.0,0.5205604800878151
rest,41.93851613998413,21.06192660550459,0.4016250866287841,21.06575550617332,22,20,-0.001148105625717566,0.5410781980559294
rest,42.137596011161804,21.082943925233646,0.36028120719444934,21.086022078685296,22,20,-0.0011695906432748538,0.5084074785262997
rest,42.557496786117554,21.073529411764707,0.3562953364584035,21.07654118291932,22,20,-0.001226993865030675,0.5039704599948343
rest,42.672024965286255,21.143203883495147,0.40790421870263105,21.147138253453576,22,20,-0.001215066828675577,0.5738306668205205
rest,42.22015058994293,21.09318181818182,0.40781999553765214,21.09712388842698,22,20,-0.0011376564277588168,0.5674112043250445
rest,42.40655601024628,21.100840336134453,0.3893532232955614,21.104432208034627,22,20,-0.0010515247108307045,0.529864126062126
rest,42.50819802284241,21.10894495412844,0.39002797676323864,21.112547901640923,22,20,0.001148105625717566,0.5431959385552203
rest,42.42273986339569,21.075,0.3968251984126488,21.078735617633598,22,20,0.0,0.5190070284591415
rest,42.06593179702759,21.11036036036036,0.5102382907854466,21.11652570044745,23,20,0.0,0.5873526105026363
rest,42.39075267314911,21.209415584415584,0.583853896744844,21.217450242788242,26,20,0.0,0.5799240825409535
rest,42.16701877117157,21.114702815432743,0.3757268802364549,21.11804549840197,22,20,0.0,0.5087952941576737
rest,42.24792504310608,21.117519042437433,0.37799646988805563,21.120901776177913,22,20,0.0,0.5176619130370229
rest,42.660330176353455,21.095613048368953,0.3687343306825265,21.098835391867922,22,20,0.0,0.5022472023339226
rest,42.68708121776581,21.094594594594593,0.36151279688708665,21.0976921157887,22,20,0.0011273957158962795,0.4807440594928211
rest,43.25915849208832,21.27016129032258,1.1232498816229972,21.299799332690984,32,20,0.0010090817356205853,0.6002009341633848
rest,42.1809424161911,21.092767295597483,0.381421393188681,21.096215643223996,22,20,0.0,0.520243240331805
rest,42.27688443660736,21.145641025641027,0.3887111832169515,21.149213478737945,22,20,-0.001026694045174538,0.5235706790500584
rest,42.50446903705597,21.10405257393209,0.34570594706513325,21.106883892349575,22,20,0.0,0.46121502387239516
rest,42.326364636421204,21.147697654213726,0.5969985251441803,21.156122596380015,27,20,0.00028968713789107763,0.5176490303580302
rest,42.8334459066391,21.40301886792453,0.5056569980174321,21.40899123406746,23,20,0.0007552870090634441,0.6380432018497888
rest,42.707744121551514,21.17890909090909,0.8527979036458814,21.19607167721072,28,20,0.000727802037845706,0.5990040692367012
rest,42.86574375629425,21.2314453125,0.45301449184521386,21.236277738518584,23,20,0.0,0.5882525441665978
rest,42.96447038650513,21.37566725978648,0.6456978483377556,21.385417379898282,29,20,0.0002224694104560623,0.6129851423710453
rest,42.49297499656677,21.17199558985667,0.4293127863903886,21.176347813668638,22,20,0.0011037527593818985,0.5952339182971982
rest,42.8231201171875,21.22338665195808,0.4496296238600134,21.22814894844025,23,20,0.0,0.6161906760308639
rest,42.92997133731842,21.295607235142118,0.4697091636842364,21.300786704060634,22,20,0.000517063081695967,0.6346588637109922
rest,42.19937717914581,21.1859756097561,0.48237899554196517,21.191466490842966,23,20,-0.001017293997965412,0.6192889489938296
rest,50.70961344242096,25.23424369747899,4.586100169440366,25.647599687844068,50,20,0.015772870662460567,1.06702974578065
rest,52.667850494384766,26.024525316455698,2.6961411294413735,26.163812698777463,40,22,-0.010292953285827395,0.9879985252982494
rest,45.579652070999146,23.3671875,2.144200367233377,23.46535844335219,40,21,-0.005865102639296188,0.7797315184374268
rest,43.10907018184662,21.548593805624776,0.8645580621143375,21.565930437673618,32,20,0.00035612535612535614,0.6796281778070399
rest,43.117125034332275,21.521994134897362,0.7511835769896812,21.535099449709893,27,20,0.0,0.6591223483229107
rest,42.84289824962616,21.245,0.4471856437767205,21.249705880317496,22,20,0.0008340283569641367,0.6160212713984656
rest,42.48100662231445,21.2276707530648,0.42348483825744426,21.231894522363202,22,20,0.0,0.5935676238657775
rest,43.29965043067932,21.37137330754352,0.8081982312223627,21.386649607438155,29,20,0.000968054211035818,0.6199327259084362
rest,43.44202101230621,22.232981220657276,2.927378698067754,22.42487458158908,44,20,-0.0005871990604815032,0.7449179601488233
rest,43.086151003837585,21.286417322834644,0.4712737797161549,21.29163360142483,22,20,0.0009852216748768472,0.6285482646256111
rest,43.155677914619446,21.383587786259543,0.5073860097640255,21.389606522224117,23,20,0.0,0.6257755455663351
rest,43.71167290210724,21.564569536423843,0.5359305024374256,21.571228078037233,23,20,-0.0016570008285004142,0.6563668713138728
rest,43.462422251701355,21.46153846153846,0.5023612882232521,21.467417171145673,23,21,0.0,0.6729445696654417
rest,42.78355693817139,21.219298245614034,0.4268154605509777,21.223590400158127,22,20,0.0,0.5852185833859733
rest,42.40723741054535,21.09246575342466,0.3631267593385539,21.095591307255166,22,20,0.0,0.5106078844512763
rest,42.36246180534363,21.09246575342466,0.3678120455911777,21.095672477081028,22,20,0.0,0.5271366713916805
rest,42.217652916908264,21.042763157894736,0.36248447765027975,21.045885020967624,22,20,0.0,0.5099826512017335
rest,42.24578893184662,21.04646017699115,0.33267598404608445,21.04908927464643,22,20,0.0022148394241417496,0.45869907322752623
rest,42.39736616611481,21.102064220183486,0.40906623979047513,21.1060287487079,24,20,0.0,0.49567590611563833
rest,42.57380199432373,21.45766590389016,1.0561650970271723,21.48364286509969,29,20,0.002290950744558992,0.6545246678141455
rest,43.43025839328766,22.26987951807229,2.8789947601302783,22.45520306250454,40,20,-0.0024125452352231603,0.7995740534557293
rest,42.328471302986145,21.051980198019802,0.38508201467183995,21.05550185618575,22,20,-0.0012391573729863693,0.523308937358223
rest,42.75777077674866,21.09009009009009,0.4093402635256336,21.09406218487704,22,20,0.0011273957158962795,0.5125250538097947
rest,42.46196961402893,21.03125,0.37601136766208426,21.034611028281724,22,20,0.0,0.5026004220462014
rest,42.6212158203125,21.0492700729927,0.39768882497894426,21.05302655219195,22,20,0.0009132420091324201,0.5346437270252782
rest,42.6023873090744,21.05925925925926,0.38273795238001146,21.062736975257724,22,20,0.0,0.5057592316218396
rest,42.52319622039795,21.02789256198347,0.3965852445889378,21.031632020709793,22,20,0.0,0.5225029254802986
rest,42.11346113681793,21.06979062811565,0.4007901667439314,21.073602204426013,22,20,-0.000998003992015968,0.5333199243536498
rest,42.06285560131073,21.03186022610483,0.34529926992038984,21.034694581957158,22,20,0.0,0.4821932061589458
rest,42.52143037319183,21.04405737704918,0.35802499681896305,21.047102717164783,22,20,0.0,0.48569273815596203
rest,42.33984637260437,21.03690476190476,0.3808761084359641,21.040352387054465,22,20,0.0,0.5050401511080358
rest,42.532861948013306,21.046296296296298,0.38210574596228425,21.04976466834232,22,20,0.0011587485515643105,0.5240439523766455
rest,42.805394411087036,21.271396396396398,0.4764658137775739,21.2767319935258,23,20,0.0011273957158962795,0.5996982260685895
rest,42.27314496040344,21.111650485436893,0.3779867390887527,21.115033985153204,22,20,-0.001215066828675577,0.525184437813953
rest,42.61908841133118,21.170652173913044,0.652926196554747,21.180718261828527,26,20,0.0,0.529848973493054
rest,43.195653438568115,21.231150793650794,1.0250541338199044,21.255881538999976,33,20,-0.0009930486593843098,0.58701524567997
rest,42.810626745224,21.167008196721312,0.4291834411557859,21.171358823330863,22,20,-0.0010256410256410256,0.5683976347042707
rest,43.49631643295288,21.31875,0.7795982539103072,21.33299967186987,28,20,0.0007818608287724785,0.6296052961032738
rest,43.166401863098145,21.263489208633093,0.46630884672181416,21.268601676325293,22,20,0.0,0.6104402212554253
rest,42.585854172706604,21.27261904761905,0.4610679090763587,21.277615109826215,22,20,-0.0011918951132300357,0.622386127083341
rest,42.610971331596375,21.269957983193276,0.47147720468449894,21.27518280441662,22,20,0.0,0.6271126229399975
rest,42.260010719299316,21.131760078662733,0.4044299306304711,21.135629812971125,22,20,-0.000984251968503937,0.5388444691715076
rest,42.592148661613464,21.255017709563162,0.5153100816070376,21.261263422338043,25,20,0.001182033096926714,0.5925052173483301
rest,42.661497712135315,21.198394495412845,0.43192251085413874,21.202794302603895,22,20,0.0,0.5505450800701405
rest,42.680758357048035,21.184734513274336,0.4414243542106051,21.189332973418654,22,20,-0.0011074197120708748,0.5830751454378242
rest,42.704065918922424,21.31353591160221,0.5535262999464943,21.320722417870588,26,20,0.0,0.6287293710146704
rest,42.46506226062775,21.252118644067796,0.46028243299845256,21.25710250197945,22,20,-0.0010604453870625664,0.6204357750479035
rest,42.84974503517151,21.23739495798319,0.4424301913977982,21.242002944064154,22,20,0.0,0.572778936221628
rest,42.752249360084534,21.209862385321102,0.47722821590202086,21.215230594417584,23,20,-0.001148105625717566,0.6275339922861528
rest,42.64294481277466,21.181297709923665,0.4341718394575605,21.185747045185717,22,20,-0.0009551098376313276,0.5605624178857381
rest,42.21325218677521,21.132142857142856,0.393900130648836,21.135813659464805,22,20,0.0011918951132300357,0.506217373003433
rest,42.41881716251373,21.09875,0.38922800194744467,21.102339917648944,22,20,0.0,0.5434788050277517
rest,42.55893588066101,21.141666666666666,0.40552973390291014,21.145555651472577,22,20,-0.0011918951132300357,0.5491339026441895
rest,42.663124561309814,21.159782608695654,0.46099131902811535,21.164803638197977,23,20,0.0,0.5807952973007813
rest,42.4193514585495,21.08254716981132,0.43737760836982814,21.087083590189106,22,20,0.0,0.5770093478317678
rest,42.618656277656555,21.113425925925927,0.41231654065561907,21.117451533252282,23,20,0.0,0.5295442847190055
rest,42.15239453315735,21.119212962962962,0.38896983009078023,21.122794647103486,22,20,-0.0011587485515643105,0.5240439523766455
rest,42.328744292259216,21.146017699115045,0.4137108986373734,21.15006433179195,23,20,-0.0011074197120708748,0.5498402995569988
rest,42.61090898513794,21.100206611570247,0.4374984754137379,21.10474174129933,22,20,0.0,0.5859435862317481
rest,42.36684477329254,21.078244274809162,0.3877710446615492,21.0818108352106,22,20,0.0,0.5059342215003803
rest,42.19091486930847,21.07075471698113,0.4059619326730487,21.07466510846524,22,20,0.0,0.5432857315156334
rest,42.17242515087128,21.092175066312997,0.4341121505696546,21.096641969452577,23,20,0.0,0.5332209329564191
rest,42.28087842464447,21.153878762187368,0.4174764257487478,21.157997855453566,22,20,0.0,0.5608981561505026
rest,42.614543318748474,21.200568990042676,0.4706458327271347,21.205792439836397,25,20,-0.0007117437722419929,0.5765273931547513
rest,42.927579283714294,21.218478260869563,0.43624617796409376,21.222962338815538,22,20,0.0,0.6010509475634496
rest,42.51626980304718,21.165254237288135,0.3908654280197066,21.168863047217826,22,20,0.0,0.5545531194107055
rest,42.77142131328583,21.173319327731093,0.3948224669173998,21.177000168448167,22,20,0.0,0.5483940802904254
rest,42.59217298030853,21.167857142857144,0.395408382707861,21.171549867912926,22,20,0.0,0.5566800961412302
rest,42.63110089302063,21.16509433962264,0.3988290532816598,21.168851717059855,22,20,0.0,0.5582905262390825
rest,42.64623177051544,21.18341121495327,0.4018131209571064,21.18722172645534,22,20,-0.0011695906432748538,0.5567226890702079
rest,42.82861256599426,21.31307339449541,0.5996280989067884,21.321506780153854,25,20,0.0,0.5669828702887932
rest,42.72338283061981,21.096698113207548,0.4121829180363596,21.10072430125885,22,20,0.0,0.54110822483116
rest,42.725115180015564,21.191666666666666,0.4171069102798161,21.195771141567704,22,20,0.0,0.5818059918540975
rest,42.80919337272644,21.175925925925927,0.4156365868048786,21.180004546566852,22,20,-0.0011587485515643105,0.5746668552279858
rest,42.394065856933594,21.19111570247934,0.41863068183060953,21.195250325571443,22,20,-0.001034126163391934,0.5850595616395038
rest,43.006946206092834,21.19655172413793,0.4143817651931774,21.200601813188683,22,20,0.0,0.5680598347368369
rest,42.659093260765076,21.173076923076923,0.3969186046259672,21.176796990320106,22,20,0.0,0.5624018588802122
rest,42.41154396533966,21.206173952230735,0.45041436875914087,21.21095676285853,24,20,0.0,0.5902826664608176
rest,42.8816442489624,21.38137535816619,0.5738797229996404,21.389075485940634,25,20,0.0,0.6311853575413986
rest,42.45139765739441,21.193471337579616,0.4127606925397017,21.197490387451875,22,20,0.0,0.5771202033230732
rest,42.775209188461304,21.17109929078014,0.40165640736077535,21.17490904466051,22,20,0.0,0.5636111228335734
rest,42.82340383529663,21.190119760479043,0.4182491135516834,21.194247044526758,22,20,0.0,0.5779986133233758
rest,42.785672068595886,21.33254716981132,0.7398859694405678,21.34537420613656,28,20,0.0,0.6127338240044389
rest,42.38114821910858,21.154135338345863,0.39346375442273507,21.157794205424576,22,20,0.0,0.5503783014384392
rest,42.42435848712921,21.208333333333332,0.42656259231359034,21.21262262010379,22,20,-0.00044822949350067237,0.6021772657053446
rest,42.574995040893555,21.374246987951807,1.4708511302748102,21.424794919657867,38,20,0.0,0.6519346895875122
rest,42.69754385948181,21.21794871794872,0.42622180025331513,21.222229214211048,22,20,0.0,0.5885842636743427
rest,42.32449293136597,21.1897233201581,0.4093438335203677,21.193676810758753,22,20,-0.0009891196834817012,0.579060095622681
rest,42.71785080432892,21.179184549356222,0.39724936798204724,21.182909744321044,22,20,0.0,0.565761371170289
rest,42.65987753868103,21.183333333333334,0.3960619640473942,21.187035568726365,22,20,-0.0011918951132300357,0.5359527046992838
wrist,141.07708358764648,54.361256544502616,117.84192550382491,129.77621361230356,724,21,0.0017482517482517483,11.442085719611809
wrist,47.687358021736145,24.611148878314072,20.675260624117513,32.14304047512811,471,21,-0.00016998130205677376,5.91576371928943
wrist,59.68208432197571,30.188342377034832,47.552609986641386,56.32571998665178,640,1,-0.0007002801120448179,5.4744759991062
wrist,54.83013606071472,28.87734584450402,38.08508759313685,47.795135735762905,647,21,0.0,3.68619962911869
wrist,156.56895315647125,61.064912280701755,128.92821747034287,142.65836383447635,781,20,0.0017574692442882249,11.669511613815507
wrist,134.0819878578186,52.54020979020979,94.59837883535673,108.20964339224543,576,21,-0.0017513134851138354,10.054056891632676
wrist,160.3267570734024,69.63829787234043,126.92973018805877,144.77792972746298,632,21,-0.0017761989342806395,24.150541706055304
wrist,127.39080536365509,33.50335120643432,56.577208766181606,65.7529854366612,543,21,0.0,5.953880428167625
wrist,111.84175205230713,35.28180862250263,71.51457812667533,79.74422176127403,675,21,-0.0010526315789473684,8.367795342380617
wrist,128.69118320941925,37.20019157088122,66.57013960142595,76.25901743048884,620,21,0.0,9.470851482544235
wrist,138.31202685832977,40.2625754527163,85.33492110718245,94.35636567002106,645,21,-0.0010070493454179255,7.640262710993756
wrist,149.0625352859497,43.71974522292994,99.98324707195631,109.12408449746448,766,21,0.0,8.47876637709546
wrist,136.38889956474304,41.07165109034268,79.24404027484182,89.25524322059518,625,21,0.002079002079002079,7.969014567871479
wrist,154.75491309165955,45.54333333333334,104.94527309242874,114.40151028529105,760,21,0.0,8.79452757339214
wrist,146.57186663150787,44.331175836030205,81.89220773835214,93.12135544152292,596,21,0.019438444924406047,9.449859159245722
wrist,154.03285229206085,50.90939597315436,104.55314342409255,116.28897797388319,752,21,-0.019036954087346025,10.87342818553161
wrist,168.67883479595184,47.3784355179704,109.02936412317644,118.87858677337425,746,21,0.0,9.063795063458846
wrist,131.5783576965332,47.5118912797282,84.92849984014808,97.31510621725049,630,21,0.0011337868480725624,8.876387111186283
wrist,120.29204177856445,38.09422492401216,70.20172292618992,79.87147096658961,567,20,-0.0030425963488843813,6.986729733238971
wrist,182.36892759799957,51.895833333333336,103.62209108301506,115.89096288226177,706,21,0.3684820393974508,16.274258040002138
wrist,130.5075923204422,43.1953642384106,82.16209427518329,92.82483087715845,682,21,-0.3149171270718232,8.378032879971494
wrist,159.36991822719574,46.94644808743169,105.21983427869141,115.21797825713313,750,21,0.0,9.425163024087944
wrist,145.65282678604126,45.19733656174334,85.81135931553129,96.98653834349756,566,21,0.0,7.227724399837061
wrist,140.84431874752045,43.71911421911422,90.75723469031348,100.73845639445047,662,21,0.0011668611435239206,8.239062183461122
wrist,173.3976912498474,52.11226851851852,111.3620747891099,122.95202410485759,721,21,0.0,10.27614095860692
wrist,151.51043176651,46.41909196740396,102.01307368389152,112.07764853668812,813,21,0.0,9.313874153554565
wrist,169.60781931877136,52.22222222222222,109.39163538949893,121.21753333167702,657,21,0.00125,9.019076917151777
wrist,111.11873209476471,38.57985257985258,67.92675913339657,78.11817734336633,525,21,-0.0012300123001230013,6.734555815308473
wrist,147.17240178585052,46.119810201660734,93.28379192182273,104.06201385880982,669,21,0.0059382422802850355,8.397132916766246
wrist,131.4919389486313,38.54527750730282,66.71887747909147,77.05288463247177,538,21,0.0,8.52847540815616
wrist,140.24317681789398,42.71335504885994,75.6044791667021,86.83586799012413,504,21,-0.002173913043478261,7.3729820859215085
wrist,138.62598478794098,43.9647473560517,81.11932096092636,92.2672381901791,574,21,-0.0035294117647058825,7.6978980638922545
wrist,106.74313378334045,35.449374288964734,65.06605986945108,74.09622314540808,569,21,0.0,7.837036072161168
wrist,99.22843170166016,34.62214199759326,56.031916216406195,65.86553234722903,493,21,0.0012048192771084338,6.198620016961482
wrist,136.02072250843048,42.75084175084175,89.67847973246062,99.34719018437745,801,21,0.0,9.649474573807726
wrist,129.6028139591217,41.80675203725262,81.9217941101089,91.97273979893933,586,21,0.0,7.037197206427039
wrist,120.13434028625488,35.01989619377163,65.48766057194635,74.26322654321584,556,21,0.0,5.917323602332275
wrist,56.459083914756775,27.85876418663304,46.83474450984574,54.49407339618643,643,20,0.0,4.569516314015686
wrist,50.015817165374756,27.191367654706188,40.11858122999855,48.465152788796544,558,21,0.0002600780234070221,4.556907894092911
wrist,154.93440115451813,43.31437125748503,94.6413229674429,104.08225002592461,672,21,0.000999000999000999,7.935239818053955
wrist,121.1869660615921,36.96376811594203,74.12765088102263,82.83253454089105,627,21,-0.0010362694300518134,7.936209335398408
wrist,149.38606452941895,46.148809523809526,85.4014636793935,97.07276970936607,495,21,0.0011918951132300357,7.077722677057305
wrist,177.66127252578735,52.02690058479532,108.31001844276452,120.15764012135126,653,21,-0.00117096018735363,8.450780407474968
wrist,154.2053246498108,48.58064516129032,83.26329534551249,96.39945765449743,601,21,0.0011961722488038277,9.202467346735686
wrist,144.95301926136017,47.74828375286041,90.42201225508177,102.25477446849037,693,21,0.0,10.412236171196136
wrist,141.20499229431152,38.7419945105215,75.6090684863661,84.95689128039749,599,20,0.0009157509157509158,6.867332493163315
wrist,129.37572491168976,41.388361045130644,73.419337077733,84.28164383147653,525,21,0.0,7.204998925224426
wrist,174.99766993522644,52.64523809523809,113.18997032461031,124.8338514834437,820,21,0.0011918951132300357,9.863610950712431
wrist,157.4638077020645,49.67813267813268,90.0842062444629,102.87410306331269,583,21,0.0,8.63044754611535
wrist,156.53638422489166,47.543400713436384,95.26346635123679,106.46831910315672,582,21,0.0,7.787199508839888
wrist,150.68593657016754,47.89950372208437,84.10246364889235,96.78629473554216,513,21,0.0012422360248447205,10.250465752651959
wrist,126.98101007938385,38.252049180327866,62.836781118821094,73.5641239183126,417,20,0.0010256410256410256,4.941607646054841
wrist,128.31555998325348,35.27391659852821,51.39775820598972,62.33761898565992,377,21,-0.0008183306055646482,6.637627648740935
wrist,128.64768731594086,38.59652706843718,67.77838691335263,77.99744633204817,461,21,0.0,5.828496387847323
wrist,129.94524919986725,40.77047413793103,62.303606185683265,74.45784649835377,421,21,0.0,6.7950422945151905
wrist,48.69486677646637,26.271391324958522,41.426204551517706,49.054219244559306,693,21,0.0002370791844476055,3.5200098523411363
wrist,61.558640122413635,39.442395081529,54.12119923282721,66.9686996750482,614,20,-0.00026737967914438503,5.031637865313092
wrist,54.667176365852356,30.5476901861641,46.49433566053449,55.631687231507875,533,21,0.00022988505747126436,8.829222636276988
wrist,158.02045714855194,44.378461538461536,83.8776969695472,94.89423532246781,531,20,-0.001026694045174538,6.408172958866305
wrist,151.26047468185425,45.82814302191465,99.40537973062122,109.46071538331032,686,21,0.0,7.613195060552639
wrist,179.47796869277954,52.818897637795274,119.76250327496419,130.892677940203,810,20,0.021396396396396396,9.324154519823047
wrist,174.8414978981018,51.796875,105.03663811916884,117.11366959985011,639,20,-0.021229050279329607,9.09371424187604
wrist,182.5246285200119,51.16936353829558,110.41272190510745,121.69335611860183,682,21,-0.0010799136069114472,9.310981864606475
wrist,140.53981816768646,49.10076530612245,91.10876713244394,103.49730722120655,600,21,0.0,9.918055055904562
wrist,49.308674693107605,27.775887113509025,44.76209033182167,52.679641568793535,597,20,0.0,4.625762140877626
wrist,147.97856485843658,40.45227062094532,73.00308683621101,83.46158928516495,469,21,0.0,5.452102112002595
wrist,217.3802307844162,60.76084407971864,129.53702034224366,143.0794178504607,746,21,-0.0011737089201877935,10.331875493082899
wrist,143.89113354682922,30.151418298042348,51.00254829973045,59.24835827641016,606,21,-0.0003996802557953637,4.655819854044746
wrist,203.4877771139145,56.919953596287705,95.98169946409789,111.59017765654804,464,21,-0.0011614401858304297,10.503082830360652
wrist,132.02613830566406,39.43119266055046,57.42992543862851,69.66358654648695,339,21,0.0010204081632653062,4.2389109811018635
wrist,125.18327951431274,41.322274881516584,72.37011851304851,83.3364533381179,479,21,0.0,6.279001514868809
wrist,137.23265194892883,43.69797859690844,78.29804703513865,89.66659078482158,511,21,-0.0011904761904761906,5.976640919279369
wrist,150.23585307598114,44.05402542372882,84.4799409843024,95.27653218261968,527,21,-0.0010604453870625664,6.5485379958337795
wrist,147.740860581398,47.852130325814535,95.66501542970646,106.96551572298762,605,20,0.0,8.088438392769403
wrist,146.43513894081116,42.26938369781312,80.66748131538067,91.07108948486473,561,20,0.03383084577114428,6.640060072200524
wrist,131.41834425926208,43.816475495307614,69.04449684073886,81.77423841786415,509,21,-0.037578288100208766,6.81155894510648
wrist,126.97469937801361,35.89630931458699,62.19602892868925,71.81149655108752,477,20,-0.0008795074758135445,5.16338158001155
wrist,157.1905792951584,48.582054309327035,92.7916509853774,104.74018566675588,656,21,0.0,8.41632433823877
wrist,143.87121951580048,45.00835322195704,79.29720341602949,91.18003251455666,511,21,-0.0011947431302270011,6.842397066583782
wrist,175.75274550914764,52.69940828402367,102.97448210186305,115.6761496490661,702,21,-0.001184834123222749,9.60887960776631
wrist,74.09281980991364,31.95709518512633,52.334817916255936,61.320380779956736,575,20,0.0,8.258171317887232
wrist,183.4699444770813,48.79317073170732,85.93945771521649,98.82491539302741,424,21,-0.0009765625,6.686696726248745
wrist,206.4949094057083,57.33863636363636,129.06012995342536,141.22406439285183,751,20,0.0,9.351315360745204
wrist,187.8577733039856,55.27536231884058,111.3481462927863,124.31321475337543,623,20,0.0012091898428053204,7.855173265203806
wrist,214.18856942653656,62.43520782396088,126.69469813480852,141.24341298443423,703,21,0.0,9.802829756566728
wrist,201.2746124267578,60.887392900856796,114.88000040139207,130.01803377411593,578,21,0.0,9.381354055868941
wrist,179.33114683628082,55.10292249047014,95.79862047003718,110.51564482440025,479,21,0.001272264631043257,7.94918648739405
wrist,177.45414555072784,54.30742049469965,90.09996256776395,105.2012318155096,457,21,0.0,8.41676785542262
wrist,185.59767055511475,55.673568818514006,107.47481656380864,121.03876428819872,581,21,-0.0012195121951219512,7.501463172761844
wrist,220.00179398059845,64.70558375634518,105.41968155027678,123.6936612256714,440,21,0.0,8.737452430098477
wrist,73.96608054637909,32.22086602731764,67.51385306051485,74.80845248116782,860,21,0.040697674418604654,6.588889130829771
wrist,217.28934800624847,61.529209621993125,118.92729547740515,133.90125184731173,604,21,-0.14564220183486237,8.349071766263542
wrist,196.49263501167297,59.523917995444194,105.0779458909791,120.76618535913063,607,20,-0.0011402508551881414,10.63947378156602
wrist,221.20220029354095,61.99653579676674,118.59581148042865,133.82278188522744,640,21,0.0,9.899728495138472
wrist,135.28015089035034,42.903800475059384,69.44420689691931,81.62863447801784,452,21,0.0,6.810148403976634
wrist,148.71281707286835,46.79505300353357,87.92769501982272,99.60450058658229,545,21,0.05306603773584906,7.800022075160911
wrist,161.82259953022003,62.089266737513285,90.43578813944042,109.6982626134244,681,21,-0.05,9.749558091458473
wrist,163.16256153583527,48.936144578313254,89.64116964865585,102.12876941473776,532,20,0.0,7.846691465078149
wrist,108.67445433139801,43.23122065727699,54.88482872644855,69.86617825421514,360,21,0.0,9.1251901449854
wrist,109.68968057632446,38.6142684401451,56.102018315276766,68.10652087880598,347,20,0.0,4.6676466168153
wrist,175.71057224273682,54.73972602739726,93.30352324797461,108.17571379953935,499,21,0.0024937655860349127,11.852901147043372
